Table 2.1. Personal Income and Its Disposition,,,,,,,,,,,,,,,,,,,,,,,,,,,,,,,,,,,,,,,,,,,,,,,,,,,,,,,,,,,,,,,,,,,,,,,,,,,,,,,,,,,,,,,,,,,,,,,,,,
[Millions of dollars],,,,,,,,,,,,,,,,,,,,,,,,,,,,,,,,,,,,,,,,,,,,,,,,,,,,,,,,,,,,,,,,,,,,,,,,,,,,,,,,,,,,,,,,,,,,,,,,,,
Annual data from 1929 to 2024,,,,,,,,,,,,,,,,,,,,,,,,,,,,,,,,,,,,,,,,,,,,,,,,,,,,,,,,,,,,,,,,,,,,,,,,,,,,,,,,,,,,,,,,,,,,,,,,,,
Bureau of Economic Analysis,,,,,,,,,,,,,,,,,,,,,,,,,,,,,,,,,,,,,,,,,,,,,,,,,,,,,,,,,,,,,,,,,,,,,,,,,,,,,,,,,,,,,,,,,,,,,,,,,,
"Data published January 30, 2025",,,,,,,,,,,,,,,,,,,,,,,,,,,,,,,,,,,,,,,,,,,,,,,,,,,,,,,,,,,,,,,,,,,,,,,,,,,,,,,,,,,,,,,,,,,,,,,,,,
File created Jan 30 2025  9:36AM,,,,,,,,,,,,,,,,,,,,,,,,,,,,,,,,,,,,,,,,,,,,,,,,,,,,,,,,,,,,,,,,,,,,,,,,,,,,,,,,,,,,,,,,,,,,,,,,,,
,,,,,,,,,,,,,,,,,,,,,,,,,,,,,,,,,,,,,,,,,,,,,,,,,,,,,,,,,,,,,,,,,,,,,,,,,,,,,,,,,,,,,,,,,,,,,,,,,,
Line,,,1929,1930,1931,1932,1933,1934,1935,1936,1937,1938,1939,1940,1941,1942,1943,1944,1945,1946,1947,1948,1949,1950,1951,1952,1953,1954,1955,1956,1957,1958,1959,1960,1961,1962,1963,1964,1965,1966,1967,1968,1969,1970,1971,1972,1973,1974,1975,1976,1977,1978,1979,1980,1981,1982,1983,1984,1985,1986,1987,1988,1989,1990,1991,1992,1993,1994,1995,1996,1997,1998,1999,2000,2001,2002,2003,2004,2005,2006,2007,2008,2009,2010,2011,2012,2013,2014,2015,2016,2017,2018,2019,2020,2021,2022,2023,2024
1,Personal income,A065RC,"85,289","76,533","65,668","50,294","47,234","54,090","60,843","69,221","74,710","69,084","73,632","79,408","97,878","126,724","156,187","169,717","175,786","182,534","194,481","213,496","211,071","233,735","264,232","282,460","299,227","302,221","324,159","347,903","367,983","378,953","402,865","422,138","440,576","468,837","492,774","528,193","570,659","620,339","665,723","730,915","800,336","865,045","932,785","1,024,456","1,140,780","1,251,819","1,369,389","1,502,647","1,659,236","1,863,721","2,082,709","2,324,458","2,603,200","2,789,461","2,981,716","3,288,674","3,522,893","3,731,193","3,946,806","4,280,021","4,621,012","4,913,303","5,089,913","5,417,494","5,652,865","5,940,921","6,283,359","6,666,199","7,073,974","7,588,358","7,978,599","8,621,299","8,993,143","9,150,049","9,481,755","10,015,873","10,546,102","11,301,996","11,932,119","12,425,679","12,065,682","12,556,628","13,309,571","13,917,794","14,068,770","14,784,074","15,473,741","15,887,651","16,662,756","17,528,192","18,363,160","19,620,082","21,419,498","22,088,920","23,402,535","24,692,324"
2,  Compensation of employees,A033RC,"51,408","47,167","40,071","31,339","29,787","34,553","37,667","43,289","48,310","45,412","48,553","52,749","66,187","88,036","112,698","124,321","126,304","122,485","132,361","144,313","144,334","158,269","185,705","201,088","215,245","214,139","230,571","249,275","262,576","264,670","285,829","301,283","310,422","332,202","350,408","375,975","405,415","449,249","481,790","530,751","584,458","623,347","664,995","731,333","812,683","887,715","947,230","1,048,347","1,165,825","1,316,765","1,477,231","1,622,247","1,792,525","1,892,983","2,012,489","2,215,872","2,387,324","2,542,063","2,722,405","2,947,987","3,139,601","3,340,373","3,450,516","3,668,246","3,817,290","4,006,192","4,198,088","4,416,942","4,708,818","5,071,138","5,402,682","5,847,146","6,038,348","6,135,115","6,353,606","6,719,488","7,066,107","7,479,676","7,878,475","8,056,826","7,759,019","7,925,369","8,226,175","8,567,363","8,835,039","9,250,208","9,699,419","9,966,108","10,424,372","10,957,404","11,446,611","11,596,428","12,557,025","13,436,720","14,190,188","15,041,908"
3,    Wages and salaries,A034RC,"50,460","46,214","39,157","30,514","29,027","33,734","36,722","41,954","46,139","43,013","45,985","49,860","62,085","82,098","105,786","116,749","117,493","112,005","123,097","135,550","134,733","147,253","171,607","185,636","198,989","197,263","212,151","229,026","239,951","241,317","259,842","272,855","280,519","299,358","314,851","337,788","363,757","400,321","429,009","471,972","518,333","551,560","584,549","638,785","708,762","772,282","814,838","899,745","994,158","1,120,570","1,253,314","1,373,422","1,511,373","1,587,517","1,677,513","1,844,915","1,982,550","2,102,335","2,256,267","2,439,782","2,583,051","2,741,199","2,814,478","2,965,541","3,079,340","3,236,589","3,418,022","3,616,469","3,876,844","4,181,616","4,457,926","4,824,946","4,953,635","4,995,843","5,138,269","5,421,014","5,691,379","6,056,739","6,396,392","6,534,095","6,249,110","6,372,510","6,626,182","6,928,124","7,113,994","7,476,332","7,859,482","8,091,239","8,474,410","8,899,824","9,325,144","9,465,660","10,315,597","11,123,119","11,725,244","12,421,610"
4,      Private industries,A132RC,"45,499","41,035","33,873","25,522","23,864","27,637","30,195","34,059","38,615","34,755","37,744","41,396","51,895","66,122","79,169","83,781","82,591","91,305","105,584","116,530","113,906","124,620","142,378","152,258","164,651","162,358","175,555","190,224","198,938","197,195","213,788","223,673","228,048","243,011","254,825","272,863","293,847","321,932","342,526","375,283","412,733","434,328","457,769","500,898","559,963","611,770","638,598","710,839","791,570","900,552","1,016,178","1,111,961","1,225,524","1,279,980","1,352,718","1,496,777","1,608,687","1,705,115","1,833,150","1,987,745","2,101,945","2,222,150","2,265,713","2,393,540","2,490,330","2,627,093","2,788,996","2,968,375","3,204,957","3,480,303","3,724,160","4,045,159","4,131,637","4,122,977","4,224,317","4,468,675","4,700,059","5,022,214","5,307,847","5,390,244","5,073,887","5,181,336","5,431,331","5,729,815","5,905,988","6,239,431","6,583,727","6,783,210","7,126,207","7,497,950","7,874,807","7,971,079","8,770,498","9,498,951","9,992,467","10,566,065"
5,      Government,B202RC,"4,961","5,179","5,284","4,992","5,163","6,097","6,527","7,895","7,524","8,258","8,241","8,464","10,190","15,976","26,617","32,968","34,902","20,700","17,513","19,020","20,827","22,633","29,229","33,378","34,338","34,905","36,596","38,802","41,013","44,122","46,054","49,182","52,471","56,347","60,026","64,925","69,910","78,389","86,483","96,689","105,600","117,232","126,780","137,887","148,799","160,512","176,240","188,906","202,588","220,018","237,136","261,461","285,849","307,537","324,795","348,138","373,863","397,220","423,117","452,037","481,106","519,049","548,765","572,001","589,010","609,496","629,026","648,094","671,887","701,313","733,766","779,787","821,998","872,866","913,952","952,339","991,320","1,034,524","1,088,544","1,143,851","1,175,223","1,191,174","1,194,851","1,198,309","1,208,006","1,236,901","1,275,756","1,308,029","1,348,203","1,401,874","1,450,337","1,494,580","1,545,099","1,624,168","1,732,777","1,855,545"
6,    Supplements to wages and salaries,A038RC,948,953,914,825,760,819,945,"1,335","2,171","2,399","2,568","2,889","4,102","5,938","6,912","7,572","8,811","10,480","9,264","8,763","9,601","11,016","14,098","15,452","16,256","16,876","18,420","20,249","22,625","23,353","25,987","28,428","29,903","32,844","35,557","38,187","41,658","48,928","52,781","58,779","66,125","71,787","80,446","92,548","103,921","115,433","132,392","148,602","171,667","196,195","223,917","248,826","281,152","305,465","334,976","370,957","404,774","439,729","466,139","508,205","556,550","599,175","636,038","702,705","737,949","769,603","780,066","800,473","831,974","889,522","944,757","1,022,200","1,084,714","1,139,272","1,215,337","1,298,474","1,374,728","1,422,938","1,482,083","1,522,730","1,509,910","1,552,859","1,599,993","1,639,238","1,721,044","1,773,876","1,839,937","1,874,870","1,949,962","2,057,580","2,121,468","2,130,768","2,241,427","2,313,601","2,464,944","2,620,298"
7,      Employer contributions for employee pension and insurance funds\1\,B040RC,940,946,909,817,756,812,933,"1,093","1,141","1,200","1,264","1,513","2,386","3,930","4,584","5,035","5,348","5,414","5,333","5,759","6,251","7,642","10,003","11,309","12,047","12,264","13,245","14,581","16,257","17,005","18,132","19,177","20,292","21,662","23,152","25,556","28,565","32,082","34,762","38,829","43,372","47,948","54,000","61,392","64,138","70,738","85,669","94,204","110,563","124,667","141,330","159,886","177,542","195,696","215,093","231,919","257,041","281,859","299,878","323,572","362,877","392,723","420,906","474,307","498,270","515,464","515,946","525,668","542,381","582,285","621,418","676,980","726,727","773,229","832,793","889,722","946,666","975,632","1,020,414","1,051,324","1,051,812","1,083,859","1,107,251","1,125,945","1,194,735","1,227,455","1,270,575","1,293,924","1,345,306","1,432,791","1,470,828","1,472,052","1,534,689","1,548,261","1,643,913","1,762,271"
8,      Employer contributions for government social insurance,B039RC,8,7,5,8,4,7,12,242,"1,030","1,199","1,304","1,376","1,716","2,008","2,328","2,537","3,463","5,066","3,931","3,004","3,349","3,373","4,095","4,143","4,209","4,612","5,174","5,668","6,368","6,349","7,854","9,250","9,611","11,182","12,405","12,631","13,093","16,846","18,019","19,950","22,753","23,839","26,446","31,156","39,783","44,695","46,723","54,398","61,104","71,529","82,587","88,940","103,610","109,769","119,883","139,038","147,734","157,869","166,261","184,633","193,673","206,451","215,132","228,398","239,679","254,139","264,120","274,805","289,593","307,237","323,339","345,220","357,987","366,043","382,544","408,752","428,062","447,306","461,669","471,406","458,098","469,000","492,742","513,293","526,309","546,421","569,362","580,946","604,656","624,789","650,639","658,716","706,739","765,340","821,031","858,028"
9,  Proprietors' income with inventory valuation and capital consumption adjustments,A041RC,"14,015","10,872","8,315","5,012","5,268","7,007","10,124","10,393","12,521","10,598","11,120","12,234","16,650","23,341","28,225","29,346","30,824","35,671","34,579","39,279","34,690","37,514","42,594","43,040","42,017","42,255","44,272","45,819","47,785","50,158","50,346","50,587","53,199","55,234","56,398","59,132","63,662","67,933","69,475","73,832","77,005","77,803","83,904","95,094","112,521","112,213","118,238","130,974","144,492","165,974","179,438","171,569","179,680","171,191","186,250","228,247","241,051","256,479","286,468","325,524","341,130","353,154","354,162","400,155","427,984","456,644","481,186","543,784","583,958","640,276","696,352","753,559","831,057","870,133","897,509","962,895","979,140","1,050,869","995,398","960,304","938,126","1,108,503","1,228,337","1,299,922","1,351,739","1,369,965","1,347,722","1,349,214","1,428,634","1,495,331","1,555,775","1,594,019","1,815,266","1,873,555","1,948,994","2,003,799"
10,    Farm,B042RC,"5,659","3,897","3,034","1,750","2,224","2,580","4,894","3,947","5,638","4,011","4,023","4,065","6,026","9,688","11,543","11,438","11,824","14,211","14,342","16,704","11,989","12,872","15,303","14,313","12,169","11,749","10,716","10,588","10,550","12,422","10,044","10,648","11,249","11,217","11,010","9,781","12,029","13,018","11,642","11,660","12,833","12,894","13,386","17,023","29,075","23,468","21,999","17,210","15,964","19,922","22,150","11,707","19,028","13,314","6,173","20,938","20,981","22,795","28,894","26,790","33,025","32,157","26,786","34,764","31,366","34,663","22,021","37,334","32,385","28,574","28,043","31,194","32,138","20,305","37,120","52,391","47,914","34,301","41,499","39,526","27,596","38,696","63,930","60,980","87,532","68,487","55,460","36,024","41,005","32,131","33,785","46,344","75,546","95,925","71,268","44,221"
11,    Nonfarm,A045RC,"8,356","6,975","5,281","3,262","3,044","4,427","5,230","6,446","6,883","6,587","7,097","8,169","10,624","13,653","16,682","17,908","19,000","21,460","20,237","22,575","22,701","24,642","27,291","28,727","29,848","30,506","33,556","35,231","37,235","37,736","40,302","39,939","41,950","44,017","45,388","49,351","51,633","54,915","57,833","62,172","64,172","64,909","70,518","78,071","83,446","88,745","96,239","113,764","128,528","146,052","157,288","159,862","160,652","157,877","180,077","207,309","220,071","233,684","257,574","298,735","308,105","320,997","327,377","365,392","396,618","421,981","459,165","506,449","551,573","611,701","668,309","722,365","798,919","849,828","860,390","910,504","931,226","1,016,569","953,900","920,779","910,531","1,069,807","1,164,406","1,238,943","1,264,206","1,301,478","1,292,263","1,313,189","1,387,629","1,463,200","1,521,991","1,547,675","1,739,720","1,777,630","1,877,726","1,959,579"
12,  Rental income of persons with capital consumption adjustment,A048RC,"6,065","5,371","4,440","3,599","2,858","2,516","2,564","2,684","2,966","3,480","3,716","3,847","4,415","5,454","6,024","6,337","6,578","6,899","6,889","7,484","7,798","8,779","9,720","10,816","12,028","13,061","13,423","13,668","14,054","14,798","15,559","16,463","17,200","18,046","18,728","18,831","19,336","19,910","20,345","20,096","20,348","20,664","21,828","22,719","23,117","23,181","22,292","20,308","15,867","16,545","16,093","18,978","23,780","23,833","24,435","24,652","26,204","18,268","16,594","22,492","21,524","28,168","38,577","60,573","90,079","113,667","124,882","142,528","147,059","165,206","178,497","183,476","202,403","208,448","227,098","242,781","221,105","181,120","186,259","290,275","347,592","433,671","506,541","534,468","578,687","598,502","601,351","618,723","642,028","671,488","688,432","738,112","772,259","870,266","989,079","1,057,261"
13,  Personal income receipts on assets,W210RC,"12,686","11,974","10,564","8,669","7,693","8,331","8,584","10,086","10,412","8,812","9,476","9,767","10,305","10,121","10,529","10,952","11,778","13,549","15,397","16,785","17,927","20,684","21,437","22,557","24,526","26,526","29,301","32,301","35,454","37,245","40,726","44,509","47,311","52,081","56,700","63,138","69,483","74,966","80,966","88,837","100,348","114,928","125,126","136,594","155,388","180,597","200,960","220,015","251,574","285,807","327,138","397,723","483,931","554,883","600,199","676,737","724,311","766,266","776,310","848,040","959,746","1,004,849","1,008,698","995,434","1,001,948","1,043,635","1,128,549","1,188,819","1,266,516","1,352,478","1,336,177","1,455,648","1,461,935","1,402,632","1,435,569","1,498,706","1,636,354","1,899,026","2,105,303","2,151,519","1,838,471","1,747,679","1,906,485","2,103,551","1,983,244","2,177,401","2,344,590","2,415,419","2,610,966","2,789,376","2,950,022","2,912,422","3,180,726","3,474,032","3,822,888","3,948,364"
14,    Personal interest income,A064RC,"6,885","6,506","6,498","6,125","5,655","5,764","5,740","5,563","5,752","5,647","5,710","5,751","5,874","5,867","6,083","6,335","7,178","7,975","9,076","9,749","10,689","11,846","12,867","13,997","15,640","17,244","18,823","21,021","23,712","25,679","28,156","31,143","33,410","37,054","40,464","44,944","49,278","54,296","59,456","65,302","76,109","90,621","100,099","109,758","125,508","147,410","168,038","181,044","206,851","235,079","269,481","333,527","414,198","481,759","518,213","590,927","630,517","663,145","674,343","720,069","802,260","835,131","827,689","806,166","796,828","806,304","869,355","886,403","928,763","994,038","987,717","1,069,278","1,087,525","1,001,156","1,004,371","939,342","1,081,326","1,215,446","1,325,248","1,345,849","1,272,829","1,211,054","1,216,066","1,271,809","1,201,595","1,260,374","1,347,722","1,387,973","1,466,672","1,554,473","1,603,518","1,508,953","1,480,270","1,634,870","1,891,962","1,966,429"
15,    Personal dividend income,B703RC,"5,801","5,468","4,066","2,544","2,038","2,567","2,844","4,523","4,660","3,165","3,766","4,016","4,431","4,254","4,446","4,617","4,600","5,574","6,321","7,036","7,238","8,838","8,570","8,560","8,886","9,282","10,478","11,280","11,742","11,566","12,570","13,366","13,901","15,027","16,236","18,194","20,205","20,670","21,510","23,535","24,239","24,307","25,027","26,836","29,880","33,187","32,922","38,971","44,723","50,728","57,657","64,196","69,733","73,124","81,986","85,810","93,794","103,121","101,967","127,971","157,486","169,718","181,009","189,268","205,120","237,331","259,194","302,416","337,753","358,440","348,461","386,370","374,410","401,476","431,198","559,365","555,028","683,580","780,055","805,670","565,642","536,625","690,419","831,742","781,648","917,027","996,868","1,027,446","1,144,294","1,234,903","1,346,503","1,403,470","1,700,456","1,839,162","1,930,926","1,981,935"
16,  Personal current transfer receipts,A577RC,"1,189","1,221","2,348","1,745","1,691","1,752","1,976","3,081","1,975","2,399","2,518","2,681","2,656","2,664","2,489","3,107","5,642","10,548","10,820","10,252","11,212","13,972","11,411","11,882","12,516","14,314","15,684","16,827","19,527","23,466","24,239","25,740","29,450","30,392","32,209","33,504","36,178","39,617","48,014","56,094","62,304","74,663","88,108","97,920","112,568","133,294","169,978","184,337","194,572","209,890","235,559","280,128","318,984","355,465","384,295","400,636","425,372","451,555","468,141","497,460","544,241","596,867","668,143","748,037","792,989","828,963","883,455","929,203","954,864","983,911","1,026,175","1,087,311","1,192,597","1,285,216","1,347,256","1,421,242","1,516,743","1,613,843","1,728,094","1,955,114","2,146,744","2,325,153","2,358,685","2,363,017","2,424,348","2,541,550","2,685,407","2,777,022","2,855,685","2,976,276","3,147,101","4,228,832","4,653,739","4,139,175","4,268,030","4,542,478"
17,    Government social benefits to persons,A063RC,791,869,"1,921","1,274","1,274","1,347","1,584","2,687","1,600","2,142","2,237","2,394","2,306","2,322","2,102","2,674","5,142","10,120","10,428","9,881","10,857","13,417","10,538","10,994","11,674","13,747","14,754","15,592","18,132","22,226","22,917","24,428","28,089","28,843","30,341","31,317","33,913","37,504","45,752","53,306","58,973","71,737","85,412","94,808","108,628","128,556","163,134","177,643","189,482","203,427","227,334","271,498","307,809","343,079","370,499","380,909","403,112","428,607","447,913","476,864","521,070","574,674","650,507","731,750","778,935","815,708","864,727","906,325","935,418","957,915","992,202","1,044,876","1,145,830","1,251,022","1,320,994","1,404,471","1,490,917","1,593,029","1,697,335","1,919,349","2,107,728","2,281,411","2,310,139","2,322,586","2,385,910","2,498,625","2,635,146","2,717,282","2,807,432","2,925,973","3,090,760","4,181,099","4,561,016","4,013,760","4,146,460","4,409,494"
18,      Social security\2\,W823RC,.....,.....,.....,.....,.....,.....,.....,.....,1,10,14,35,88,130,165,209,273,378,463,554,665,952,"1,872","2,176","2,980","3,632","4,914","5,652","7,316","8,478","10,175","11,130","12,614","14,298","15,245","16,018","18,067","19,786","21,122","24,598","26,382","31,380","36,617","40,948","50,665","57,607","65,895","74,501","83,239","91,380","102,581","118,586","138,644","153,708","164,426","173,027","183,275","193,631","200,995","213,916","227,380","244,135","264,204","281,776","297,935","312,161","327,675","342,005","356,592","369,182","379,864","401,393","425,084","446,909","463,531","485,512","512,728","544,096","575,653","605,542","664,470","690,174","713,261","762,139","799,044","834,640","871,793","896,472","926,072","972,412","1,030,743","1,077,928","1,114,600","1,211,504","1,356,973","1,446,962"
19,      Medicare\3\,W824RC,.....,.....,.....,.....,.....,.....,.....,.....,.....,.....,.....,.....,.....,.....,.....,.....,.....,.....,.....,.....,.....,.....,.....,.....,.....,.....,.....,.....,.....,.....,.....,.....,.....,.....,.....,.....,.....,"1,008","4,699","5,890","6,695","7,254","8,049","8,836","10,244","12,726","15,633","18,795","22,101","25,543","29,936","36,201","43,499","50,927","57,797","64,748","69,720","75,269","81,585","86,289","98,175","107,638","117,487","132,596","146,785","164,423","181,220","194,868","206,917","205,558","208,736","219,117","242,580","259,736","276,708","304,359","332,127","399,107","428,201","461,613","492,951","513,390","535,609","554,746","572,843","600,007","634,939","662,108","691,829","733,569","790,499","820,365","878,902","935,017","1,009,527","1,081,264"
20,      Medicaid,W729RC,.....,.....,.....,.....,.....,.....,.....,.....,.....,.....,.....,.....,.....,.....,.....,.....,.....,.....,.....,.....,.....,.....,.....,.....,.....,.....,.....,.....,.....,.....,.....,.....,.....,.....,.....,.....,.....,"1,881","2,720","3,997","4,551","5,455","6,744","8,211","9,611","11,176","13,863","15,457","16,737","18,619","21,067","23,855","27,746","30,159","33,871","36,572","39,673","43,645","47,836","53,027","60,838","73,144","96,911","116,248","130,104","139,429","149,570","158,188","163,124","170,195","184,555","199,493","227,259","250,009","264,526","289,812","304,414","299,100","324,189","338,333","369,610","396,868","406,022","417,539","439,983","490,872","535,913","562,783","573,731","589,766","614,035","657,605","736,520","814,387","878,146","929,878"
21,      Unemployment insurance,W825RC,.....,.....,.....,.....,.....,.....,.....,.....,2,393,435,534,358,350,81,67,558,"2,600","1,591","1,270","2,247","1,489",886,"1,075","1,084","2,324","1,598","1,575","1,948","4,244","2,853","3,079","4,401","3,182","3,061","2,776","2,365","1,913","2,237","2,207","2,327","4,186","6,160","6,033","4,570","7,021","18,140","16,386","13,129","9,417","9,692","16,097","15,885","25,227","26,411","15,991","15,861","16,467","14,625","13,328","14,410","18,162","26,787","39,617","34,848","23,942","21,734","22,274","20,103","19,693","20,509","20,741","31,899","53,480","53,175","36,425","31,775","30,366","32,740","51,148","131,211","138,857","107,163","83,615","62,499","35,463","32,545","32,038","30,186","27,618","27,477","528,590","317,322","23,807","33,196","35,400"
22,      Veterans' benefits,W826RC,558,599,"1,576",782,555,444,471,"1,881",584,524,541,546,516,506,521,953,"2,865","5,504","6,196","5,515","4,900","7,675","4,581","4,322","4,074","4,057","4,366","4,329","4,473","4,566","4,492","4,488","4,853","4,573","4,750","4,632","4,849","4,822","5,547","5,852","6,612","7,457","8,404","9,374","10,242","11,581","13,950","13,765","13,349","13,597","14,153","14,660","15,782","16,290","16,445","16,275","16,551","16,589","16,463","16,735","17,214","17,687","18,131","18,620","19,307","19,703","20,543","21,425","22,306","23,266","24,139","25,004","26,597","29,542","31,829","34,050","36,388","38,871","41,671","45,039","51,537","57,962","63,267","70,113","79,058","84,162","92,568","96,773","111,408","119,705","129,833","144,898","152,984","168,750","196,933","219,070"
23,      Other,W827RC,.....,.....,.....,.....,719,903,"1,113",806,"1,013","1,215","1,247","1,279","1,344","1,336","1,332","1,440","1,441","1,638","2,178","2,542","3,045","3,301","3,200","3,421","3,536","3,734","3,876","4,037","4,395","4,938","5,397","5,731","6,221","6,790","7,285","7,891","8,632","8,094","9,427","10,762","12,406","16,005","19,438","21,406","23,296","28,445","35,653","38,739","40,927","44,871","49,905","62,099","66,253","66,768","71,549","74,296","78,032","83,006","86,409","93,569","103,053","113,908","126,987","142,893","149,956","156,050","163,985","167,565","166,376","170,021","174,399","179,128","192,411","211,347","231,225","254,313","273,485","281,489","294,881","417,674","397,950","484,162","484,817","434,433","432,482","453,481","467,387","467,108","474,206","482,903","498,173","951,712","1,360,688","860,295","671,684","696,919"
24,"    Other current transfer receipts, from business (net)",B931RC,398,352,427,471,417,405,392,394,375,257,281,287,350,342,387,433,500,428,392,371,355,555,873,888,842,567,930,"1,235","1,395","1,240","1,322","1,312","1,361","1,549","1,868","2,187","2,265","2,113","2,262","2,788","3,331","2,926","2,696","3,112","3,940","4,738","6,844","6,694","5,090","6,463","8,225","8,630","11,175","12,386","13,796","19,727","22,260","22,948","20,228","20,596","23,171","22,193","17,636","16,287","14,054","13,255","18,728","22,878","19,446","25,996","33,973","42,435","46,767","34,193","26,261","16,772","25,826","20,814","30,759","35,765","39,016","43,741","48,546","40,431","38,438","42,925","50,261","59,740","48,253","50,303","56,340","47,733","92,723","125,415","121,571","132,985"
25,"  Less: Contributions for government social insurance, domestic",A061RC,74,73,70,71,63,69,72,312,"1,473","1,617","1,752","1,870","2,334","2,892","3,778","4,347","5,340","6,618","5,564","4,616","4,890","5,482","6,634","6,923","7,106","8,074","9,091","9,987","11,413","11,384","13,834","16,444","17,005","19,117","21,669","22,387","23,416","31,336","34,867","38,695","44,127","46,359","51,176","59,204","75,496","85,181","89,310","101,334","113,094","131,260","152,749","166,188","195,701","208,894","225,953","257,470","281,370","303,438","323,113","361,482","385,231","410,108","430,182","454,951","477,425","508,180","532,800","555,078","587,241","624,651","661,285","705,840","733,197","751,496","779,283","829,240","873,347","922,538","961,410","988,358","964,272","983,747","916,651","950,526","1,104,286","1,153,553","1,204,749","1,238,836","1,298,929","1,361,683","1,424,780","1,449,731","1,559,517","1,704,828","1,816,644","1,901,487"
26,Less: Personal current taxes,W055RC,"1,729","1,571","1,003",728,812,900,"1,067","1,295","1,922","1,858","1,487","1,686","2,310","4,888","16,737","17,663","19,442","17,210","19,790","19,205","16,733","18,912","27,055","32,005","33,242","30,160","32,859","36,591","38,886","38,548","42,289","46,068","47,250","51,555","54,552","52,069","57,664","66,378","72,961","86,987","104,506","103,070","101,705","123,640","132,407","151,048","147,607","172,671","197,879","229,649","268,913","299,512","345,780","354,743","352,879","377,916","417,813","437,806","489,587","505,939","567,735","594,668","588,901","612,802","648,754","693,073","748,407","837,084","931,821","1,032,421","1,111,914","1,236,329","1,239,047","1,052,178","1,003,538","1,048,745","1,212,456","1,356,963","1,492,489","1,507,501","1,152,378","1,237,620","1,453,691","1,509,514","1,677,535","1,785,680","1,940,888","1,958,752","2,048,829","2,074,153","2,198,663","2,245,277","2,705,098","3,244,907","2,855,735","3,031,790"
27,Equals: Disposable personal income,A067RC,"83,560","74,962","64,665","49,566","46,422","53,190","59,776","67,926","72,788","67,226","72,145","77,722","95,568","121,836","139,450","152,054","156,344","165,324","174,691","194,291","194,338","214,823","237,177","250,455","265,985","272,061","291,300","311,312","329,097","340,404","360,576","376,070","393,326","417,282","438,222","476,124","512,995","553,961","592,762","643,928","695,830","761,975","831,080","900,816","1,008,373","1,100,771","1,221,782","1,329,976","1,461,357","1,634,072","1,813,796","2,024,946","2,257,420","2,434,718","2,628,837","2,910,758","3,105,080","3,293,387","3,457,219","3,774,082","4,053,277","4,318,635","4,501,012","4,804,692","5,004,111","5,247,849","5,534,953","5,829,114","6,142,153","6,555,937","6,866,685","7,384,970","7,754,096","8,097,871","8,478,217","8,967,128","9,333,646","9,945,033","10,439,630","10,918,179","10,913,304","11,319,008","11,855,880","12,408,280","12,391,235","12,998,394","13,532,854","13,928,899","14,613,927","15,454,039","16,164,498","17,374,805","18,714,400","18,844,013","20,546,800","21,660,534"
28,Less: Personal outlays,A068RC,"79,592","71,618","61,843","49,653","46,764","52,265","56,751","63,133","67,882","65,256","68,215","72,415","82,311","89,964","100,807","109,673","121,156","145,772","163,670","177,100","180,715","194,826","211,298","222,647","236,795","243,915","263,100","276,658","292,210","301,582","323,358","338,219","348,940","370,581","391,124","420,842","454,244","492,100","519,768","571,001","619,773","664,386","719,155","789,289","872,560","954,491","1,057,753","1,175,590","1,305,410","1,459,006","1,626,971","1,800,052","1,993,865","2,143,518","2,364,160","2,584,451","2,822,139","3,004,675","3,196,629","3,456,971","3,717,860","3,958,000","4,100,047","4,354,195","4,611,522","4,890,649","5,155,913","5,459,177","5,770,391","6,131,349","6,550,866","7,068,147","7,390,940","7,646,275","8,038,323","8,550,079","9,124,471","9,669,084","10,176,205","10,466,706","10,288,366","10,647,583","11,079,596","11,431,755","11,775,539","12,286,398","12,742,281","13,182,701","13,772,281","14,457,384","14,986,339","14,715,795","16,618,700","18,277,916","19,579,575","20,649,996"
29,  Personal consumption expenditures,DPCERC,"77,382","70,136","60,672","48,714","45,945","51,461","55,932","62,188","66,839","64,272","67,209","71,288","81,072","89,002","99,903","108,648","119,977","144,198","161,852","174,878","178,333","192,044","208,339","219,320","232,740","239,608","258,288","271,128","286,296","295,606","317,130","331,180","341,475","362,557","382,035","410,632","442,973","479,919","506,685","556,852","603,639","646,724","699,937","768,153","849,575","930,161","1,030,547","1,147,666","1,273,975","1,422,252","1,585,420","1,750,667","1,933,951","2,071,256","2,281,605","2,492,340","2,712,830","2,886,278","3,076,279","3,330,012","3,576,758","3,808,994","3,943,449","4,197,559","4,451,984","4,720,965","4,962,590","5,244,596","5,536,790","5,877,248","6,283,758","6,767,179","7,073,801","7,348,941","7,740,749","8,231,960","8,769,066","9,277,236","9,746,594","10,050,083","9,891,218","10,260,256","10,698,857","11,047,363","11,388,233","11,874,450","12,297,438","12,726,849","13,290,626","13,934,442","14,437,543","14,225,657","16,113,945","17,690,841","18,822,769","19,826,078"
30,  Personal interest payments\4\,B069RC,"1,532",875,664,524,464,482,499,610,706,667,704,799,904,659,439,420,437,666,936,"1,268","1,558","2,030","2,221","2,546","3,172","3,392","3,961","4,538","4,842","4,967","5,435","6,218","6,488","6,926","7,903","8,897","9,895","10,619","11,078","12,110","13,891","15,095","16,412","17,970","19,596","20,899","23,375","23,531","26,594","31,323","35,509","42,481","48,385","58,458","67,428","75,043","90,557","97,295","97,128","101,323","113,058","118,434","119,946","116,149","113,900","119,862","140,419","157,015","169,739","184,572","190,777","217,745","225,645","200,588","196,480","207,268","237,307","266,919","291,243","271,998","252,838","242,333","229,945","229,605","229,501","243,729","263,485","272,765","290,384","321,327","341,200","287,483","277,797","334,448","493,121","550,032"
31,  Personal current transfer payments,W211RC,678,607,507,415,355,322,320,335,337,317,302,328,335,303,465,605,742,908,882,954,824,752,738,781,884,914,851,992,"1,072","1,009",792,821,977,"1,097","1,186","1,313","1,376","1,562","2,005","2,038","2,243","2,567","2,806","3,166","3,389","3,431","3,831","4,394","4,841","5,431","6,042","6,904","11,529","13,804","15,128","17,067","18,752","21,103","23,222","25,636","28,045","30,572","36,653","40,487","45,639","49,822","52,903","57,566","63,862","69,529","76,331","83,222","91,494","96,746","101,094","110,851","118,098","124,929","138,369","144,624","144,310","144,994","150,794","154,787","157,804","168,219","181,358","183,087","191,271","201,615","207,596","202,655","226,957","252,628","263,685","273,887"
32,    To government,W062RC,335,301,228,198,164,160,158,159,162,164,151,150,156,180,216,248,269,247,219,276,318,314,349,369,410,437,430,488,567,574,320,342,476,543,530,602,578,778,982,"1,039","1,128","1,281","1,455","1,786","1,835","2,068","2,493","3,018","3,466","3,856","4,328","4,952","5,951","7,066","8,130","9,168","10,425","11,959","13,194","14,846","16,493","18,352","22,571","25,995","28,569","30,892","32,648","34,931","38,199","39,863","44,062","48,750","52,921","56,380","60,509","66,899","71,625","75,286","79,178","80,971","80,057","79,404","82,170","86,300","87,003","91,948","98,830","101,646","104,588","111,269","114,581","109,321","122,787","131,521","135,547","139,693"
33,    To the rest of the world (net),B070RC,343,306,279,217,191,162,162,176,175,153,151,178,179,123,249,357,473,661,663,678,506,438,389,412,474,477,421,504,505,435,472,479,501,554,656,711,798,784,"1,023",999,"1,115","1,286","1,351","1,380","1,554","1,363","1,338","1,376","1,375","1,575","1,714","1,952","5,578","6,738","6,998","7,899","8,327","9,144","10,028","10,790","11,552","12,220","14,082","14,492","17,070","18,930","20,255","22,635","25,663","29,666","32,269","34,472","38,573","40,366","40,585","43,952","46,473","49,643","59,191","63,654","64,253","65,590","68,624","68,487","70,801","76,271","82,529","81,441","86,683","90,346","93,015","93,334","104,171","121,107","128,138","134,194"
34,Equals: Personal saving,A071RC,"3,967","3,344","2,822",-88,-342,924,"3,025","4,793","4,906","1,970","3,930","5,307","13,257","31,872","38,643","42,381","35,187","19,552","11,021","17,191","13,623","19,997","25,880","27,808","29,189","28,147","28,200","34,654","36,887","38,823","37,218","37,850","44,386","46,702","47,099","55,282","58,750","61,861","72,994","72,927","76,057","97,588","111,926","111,526","135,813","146,280","164,029","154,386","155,947","175,066","186,825","224,894","263,555","291,199","264,677","326,307","282,942","288,712","260,590","317,112","335,417","360,635","400,964","450,497","392,588","357,200","379,040","369,937","371,763","424,588","315,819","316,823","363,156","451,596","439,894","417,049","209,175","275,950","263,425","451,473","624,938","671,425","776,284","976,525","615,697","711,996","790,573","746,198","841,646","996,655","1,178,158","2,659,010","2,095,700","566,096","967,225","1,010,539"
35,  Personal saving as a percentage of disposable personal income,A072RC,4.7,4.5,4.4,-0.2,-0.7,1.7,5.1,7.1,6.7,2.9,5.4,6.8,13.9,26.2,27.7,27.9,22.5,11.8,6.3,8.8,7.0,9.3,10.9,11.1,11.0,10.3,9.7,11.1,11.2,11.4,10.3,10.1,11.3,11.2,10.7,11.6,11.5,11.2,12.3,11.3,10.9,12.8,13.5,12.4,13.5,13.3,13.4,11.6,10.7,10.7,10.3,11.1,11.7,12.0,10.1,11.2,9.1,8.8,7.5,8.4,8.3,8.4,8.9,9.4,7.8,6.8,6.8,6.3,6.1,6.5,4.6,4.3,4.7,5.6,5.2,4.7,2.2,2.8,2.5,4.1,5.7,5.9,6.5,7.9,5.0,5.5,5.8,5.4,5.8,6.4,7.3,15.3,11.2,3.0,4.7,4.7
,Addenda:,,,,,,,,,,,,,,,,,,,,,,,,,,,,,,,,,,,,,,,,,,,,,,,,,,,,,,,,,,,,,,,,,,,,,,,,,,,,,,,,,,,,,,,,,,,,,,,,,
36,"  Personal income excluding current transfer receipts, Millions of chained (2017) dollars\5\",W875RX,"957,082","894,969","842,669","732,641","712,629","783,406","859,917","957,370","1,015,789","953,017","1,026,258","1,097,972","1,282,880","1,486,359","1,686,256","1,728,593","1,697,410","1,604,111","1,555,295","1,628,938","1,614,449","1,754,357","1,889,561","1,981,649","2,072,552","2,063,784","2,202,638","2,317,877","2,367,582","2,359,550","2,476,219","2,550,583","2,618,225","2,759,864","2,864,829","3,033,164","3,230,595","3,423,581","3,552,376","3,734,673","3,908,458","3,998,765","4,099,366","4,348,265","4,578,894","4,511,422","4,465,432","4,652,861","4,853,698","5,124,043","5,256,039","5,251,580","5,385,361","5,436,511","5,564,822","5,962,268","6,179,175","6,403,163","6,588,143","6,894,261","7,119,600","7,221,109","7,158,008","7,362,700","7,476,715","7,703,781","7,969,912","8,290,152","8,691,069","9,306,352","9,655,984","10,205,604","10,358,990","10,308,983","10,443,064","10,766,533","10,994,349","11,473,412","11,782,023","11,742,289","11,154,770","11,303,806","11,800,056","12,222,871","12,157,400","12,605,430","13,143,311","13,339,491","13,807,071","14,260,013","14,700,259","14,708,618","15,385,380","15,459,172","15,880,418","16,316,499"
,  Disposable personal income:,,,,,,,,,,,,,,,,,,,,,,,,,,,,,,,,,,,,,,,,,,,,,,,,,,,,,,,,,,,,,,,,,,,,,,,,,,,,,,,,,,,,,,,,,,,,,,,,,
37,"    Total, Millions of chained (2017) dollars\5\",A067RX,"950,936","890,810","860,569","747,988","726,384","796,159","873,196","983,222","1,016,529","960,749","1,041,136","1,112,211","1,287,542","1,459,713","1,529,938","1,577,573","1,559,736","1,541,974","1,479,335","1,557,182","1,569,851","1,714,921","1,772,640","1,834,273","1,922,730","1,950,196","2,080,001","2,179,508","2,236,047","2,259,441","2,358,172","2,419,785","2,504,867","2,626,650","2,725,850","2,919,333","3,100,726","3,265,815","3,408,909","3,563,701","3,684,966","3,855,046","4,033,378","4,227,560","4,490,546","4,439,814","4,548,720","4,694,035","4,842,739","5,062,824","5,161,131","5,201,785","5,322,185","5,438,124","5,632,129","6,009,173","6,194,254","6,430,007","6,547,527","6,878,807","7,078,571","7,224,787","7,286,285","7,575,935","7,698,614","7,908,569","8,169,235","8,423,267","8,723,798","9,237,996","9,536,904","10,003,742","10,297,305","10,614,442","10,884,329","11,233,162","11,364,855","11,777,627","12,054,064","12,244,267","12,273,027","12,505,319","12,775,226","13,125,723","12,937,113","13,383,706","13,908,497","14,172,046","14,613,927","15,144,040","15,616,547","16,604,199","17,173,583","16,229,358","17,052,533","17,539,792"
,    Per capita:,,,,,,,,,,,,,,,,,,,,,,,,,,,,,,,,,,,,,,,,,,,,,,,,,,,,,,,,,,,,,,,,,,,,,,,,,,,,,,,,,,,,,,,,,,,,,,,,,
38,      Current dollars,A229RC,686,609,521,397,369,421,469,530,564,517,551,588,716,903,"1,020","1,099","1,117","1,169","1,212","1,325","1,303","1,416","1,537","1,596","1,667","1,675","1,763","1,851","1,921","1,955","2,036","2,080","2,141","2,236","2,315","2,481","2,640","2,818","2,982","3,208","3,432","3,715","4,002","4,291","4,758","5,146","5,657","6,098","6,634","7,340","8,058","8,892","9,815","10,485","11,218","12,313","13,019","13,684","14,236","15,401","16,384","17,262","17,753","18,701","19,226","19,919","20,762","21,612","22,502","23,740","24,583","26,151","27,186","28,122","29,172","30,577","31,533","33,281","34,603","35,851","35,520","36,532","37,964","39,426","39,077","40,671","42,013","42,910","44,710","47,002","48,907","52,359","56,283","56,356","60,944","63,668"
39,      Chained (2017) dollars,A229RX,"7,802","7,231","6,932","5,986","5,779","6,294","6,856","7,671","7,882","7,392","7,946","8,418","9,652","10,824","11,189","11,399","11,147","10,906","10,264","10,620","10,523","11,306","11,489","11,687","12,050","12,009","12,585","12,956","13,055","12,975","13,313","13,387","13,633","14,077","14,400","15,211","15,955","16,612","17,152","17,752","18,176","18,797","19,420","20,139","21,188","20,757","21,061","21,524","21,984","22,741","22,928","22,842","23,139","23,418","24,035","25,420","25,971","26,716","26,962","28,070","28,613","28,878","28,739","29,487","29,578","30,019","30,644","31,230","31,960","33,452","34,142","35,424","36,102","36,861","37,451","38,304","38,396","39,414","39,954","40,205","39,946","40,361","40,908","41,705","40,798","41,876","43,179","43,659","44,710","46,059","47,249","50,037","51,649","48,537","50,580","51,555"
40,"  Population (midperiod, thousands)\6\",B230RC,"121,878","123,188","124,149","124,949","125,690","126,485","127,362","128,181","128,961","129,969","131,028","132,122","133,402","134,860","136,739","138,397","139,928","141,389","144,126","146,631","149,188","151,684","154,287","156,954","159,565","162,391","165,275","168,221","171,274","174,141","177,130","180,760","183,742","186,590","189,300","191,927","194,347","196,599","198,752","200,745","202,736","205,089","207,692","209,924","211,939","213,898","215,981","218,086","220,289","222,629","225,106","227,726","230,008","232,218","234,333","236,394","238,506","240,683","242,843","245,061","247,387","250,181","253,530","256,922","260,282","263,455","266,588","269,714","272,958","276,154","279,328","282,398","285,225","287,955","290,626","293,262","295,993","298,818","301,696","304,543","307,240","309,839","312,295","314,725","317,099","319,601","322,113","324,609","326,860","328,794","330,513","331,840","332,505","334,372","337,141","340,212"
,  Percent change from preceding period:,,,,,,,,,,,,,,,,,,,,,,,,,,,,,,,,,,,,,,,,,,,,,,,,,,,,,,,,,,,,,,,,,,,,,,,,,,,,,,,,,,,,,,,,,,,,,,,,,
41,"    Disposable personal income, current dollars",A067RP,.....,-10.3,-13.7,-23.3,-6.3,14.6,12.4,13.6,7.2,-7.6,7.3,7.7,23.0,27.5,14.5,9.0,2.8,5.7,5.7,11.2,0.0,10.5,10.4,5.6,6.2,2.3,7.1,6.9,5.7,3.4,5.9,4.3,4.6,6.1,5.0,8.6,7.7,8.0,7.0,8.6,8.1,9.5,9.1,8.4,11.9,9.2,11.0,8.9,9.9,11.8,11.0,11.6,11.5,7.9,8.0,10.7,6.7,6.1,5.0,9.2,7.4,6.5,4.2,6.7,4.2,4.9,5.5,5.3,5.4,6.7,4.7,7.5,5.0,4.4,4.7,5.8,4.1,6.6,5.0,4.6,0.0,3.7,4.7,4.7,-0.1,4.9,4.1,2.9,4.9,5.7,4.6,7.5,7.7,0.7,9.0,5.4
42,"    Personal outlays, current dollars",PA000969,.....,-10.0,-13.6,-19.7,-5.8,11.8,8.6,11.2,7.5,-3.9,4.5,6.2,13.7,9.3,12.1,8.8,10.5,20.3,12.3,8.2,2.0,7.8,8.5,5.4,6.4,3.0,7.9,5.2,5.6,3.2,7.2,4.6,3.2,6.2,5.5,7.6,7.9,8.3,5.6,9.9,8.5,7.2,8.2,9.8,10.6,9.4,10.8,11.1,11.0,11.8,11.5,10.6,10.8,7.5,10.3,9.3,9.2,6.5,6.4,8.1,7.5,6.5,3.6,6.2,5.9,6.1,5.4,5.9,5.7,6.3,6.8,7.9,4.6,3.5,5.1,6.4,6.7,6.0,5.2,2.9,-1.7,3.5,4.1,3.2,3.0,4.3,3.7,3.5,4.5,5.0,3.7,-1.8,12.9,10.0,7.1,5.5
43,"    Disposable personal income, chained (2017) dollars",A067RL,.....,-6.3,-3.4,-13.1,-2.9,9.6,9.7,12.6,3.4,-5.5,8.4,6.8,15.8,13.4,4.8,3.1,-1.1,-1.1,-4.1,5.3,0.8,9.2,3.4,3.5,4.8,1.4,6.7,4.8,2.6,1.0,4.4,2.6,3.5,4.9,3.8,7.1,6.2,5.3,4.4,4.5,3.4,4.6,4.6,4.8,6.2,-1.1,2.5,3.2,3.2,4.5,1.9,0.8,2.3,2.2,3.6,6.7,3.1,3.8,1.8,5.1,2.9,2.1,0.9,4.0,1.6,2.7,3.3,3.1,3.6,5.9,3.2,4.9,2.9,3.1,2.5,3.2,1.2,3.6,2.3,1.6,0.2,1.9,2.2,2.7,-1.4,3.5,3.9,1.9,3.1,3.6,3.1,6.3,3.4,-5.5,5.1,2.9
,,,,,,,,,,,,,,,,,,,,,,,,,,,,,,,,,,,,,,,,,,,,,,,,,,,,,,,,,,,,,,,,,,,,,,,,,,,,,,,,,,,,,,,,,,,,,,,,,,
1. Includes actual employer contributions and actuarially imputed employer contributions to reflect benefits accrued by defined benefit pension plan participants through service to employers in the current period.,,,,,,,,,,,,,,,,,,,,,,,,,,,,,,,,,,,,,,,,,,,,,,,,,,,,,,,,,,,,,,,,,,,,,,,,,,,,,,,,,,,,,,,,,,,,,,,,,,
"2. Social security benefits include old-age, survivors, and disability insurance benefits that are distributed from the federal old-age and survivors insurance trust fund and the disability insurance trust fund.",,,,,,,,,,,,,,,,,,,,,,,,,,,,,,,,,,,,,,,,,,,,,,,,,,,,,,,,,,,,,,,,,,,,,,,,,,,,,,,,,,,,,,,,,,,,,,,,,,
3. Medicare benefits include hospital and supplementary medical insurance benefits that are distributed from the federal hospital insurance trust fund and the supplementary medical insurance trust fund.,,,,,,,,,,,,,,,,,,,,,,,,,,,,,,,,,,,,,,,,,,,,,,,,,,,,,,,,,,,,,,,,,,,,,,,,,,,,,,,,,,,,,,,,,,,,,,,,,,
4. Consists of nonmortgage interest paid by households.  Note that mortgage interest paid by households is an expense item in the calculation of rental income of persons.,,,,,,,,,,,,,,,,,,,,,,,,,,,,,,,,,,,,,,,,,,,,,,,,,,,,,,,,,,,,,,,,,,,,,,,,,,,,,,,,,,,,,,,,,,,,,,,,,,
5. The current-dollar measure is deflated by the implicit price deflator for personal consumption expenditures.,,,,,,,,,,,,,,,,,,,,,,,,,,,,,,,,,,,,,,,,,,,,,,,,,,,,,,,,,,,,,,,,,,,,,,,,,,,,,,,,,,,,,,,,,,,,,,,,,,
"6. Population is the total population of the United States, including the Armed Forces overseas and the institutionalized population. The monthly estimate is the average of estimates for the first of the month and the first of the following month; the annual and quarterly estimates are averages of the monthly estimates.",,,,,,,,,,,,,,,,,,,,,,,,,,,,,,,,,,,,,,,,,,,,,,,,,,,,,,,,,,,,,,,,,,,,,,,,,,,,,,,,,,,,,,,,,,,,,,,,,,